{"env_step": 25004, "_timestamp": 1733641241.0887291, "evaluation/return": 0.0, "evaluation/length": 70.0, "_runtime": 4091.1383562088013, "_step": 6300, "episode/return": 0.0, "episode/length": 280, "episode/time": 4085.884505, "agent/actor_loss": -447.001953125, "agent/critic_loss": 10.953201293945312, "agent/entropy": -3.0770270824432373, "agent/q": 443.9837341308594, "agent/r": 0.6370978951454163, "agent/temperature": 0.22905223071575165, "agent/temperature_loss": 0.21140900254249573, "dynamics/loss": 0.002764876000583172, "dynamics/pred_mean": 0.10696257650852203, "dynamics/pred_std": 0.8454561233520508, "dynamics/target_mean": 0.10695095360279083, "dynamics/target_std": 0.8469302654266357, "dynamics/grad_norm": 0.002529559889808297, "rm/m_loss": 2.6521693912220923e-13, "rm/r_loss": 3.260367157054134e-05, "rm/val_m_loss": 0.3132617175579071, "rm/val_r_loss": 0.005559203680604696, "rnd/rnd_loss": 0.0004232357314322144, "rnd/max": 0.05497577786445618, "rnd/mean": 0.013292846269905567, "rnd/min": 0.001424545655027032, "rnd/std": 0.008797050453722477}